workerid,proliferate.condition,Browser,OS,screenH,screenW,error
72,main,Chrome,Windows,1080,1920,NA
332,main,Chrome,Windows,720,1280,NA
353,main,Chrome,Windows,720,1280,NA
423,main,Chrome,Windows,720,1280,NA
146,main,Chrome,Windows,720,1280,NA
258,main,Firefox,Windows,912,1368,NA
179,main,Chrome,Linux,613,1092,NA
56,main,Chrome,Mac,900,1440,NA
278,main,Chrome,Windows,1080,1920,NA
162,main,Chrome,Windows,1080,1920,NA
240,main,Firefox,Mac,1120,1792,NA
341,main,Chrome,Windows,1080,1920,NA
246,main,Safari,Mac,1440,2560,NA
355,main,Chrome,Windows,1440,3440,NA
270,main,Chrome,Windows,813,1444,NA
176,main,Chrome,Windows,1080,1920,NA
314,main,Chrome,Mac,1080,1920,NA
73,main,Chrome,Windows,720,1280,NA
204,main,Chrome,Windows,912,1368,NA
266,main,Chrome,Windows,1024,1536,NA
343,main,Chrome,Windows,1080,1920,NA
219,main,Chrome,Windows,1080,1920,NA
260,main,Chrome,Linux,1080,1920,NA
160,main,Chrome,Windows,900,1440,NA
290,main,Chrome,Mac,1050,1680,NA
62,main,Chrome,Windows,864,1536,NA
230,main,Chrome,Windows,768,1366,NA
159,main,Chrome,Mac,1080,1920,NA
149,main,Chrome,Linux,768,1366,NA
138,main,Firefox,Mac,956,1470,NA
298,main,Chrome,Windows,1080,1920,NA
422,main,Chrome,Windows,1080,1920,NA
77,main,Chrome,Windows,1080,1920,NA
292,main,Chrome,Windows,912,1368,NA
182,main,Chrome,Windows,1080,1920,NA
281,main,Chrome,Windows,821,1313,NA
297,main,Chrome,Windows,864,1536,NA
112,main,Chrome,Windows,1080,1920,NA
81,main,Chrome,Windows,1440,2560,NA
223,main,Chrome,Windows,1080,1920,NA
295,main,Chrome,Windows,864,1536,NA
348,main,Chrome,Windows,607,970,NA
338,main,Chrome,Windows,1080,1920,NA
346,main,Chrome,Windows,864,1536,NA
352,main,Chrome,Linux,664,1181,NA
132,main,Chrome,Windows,1200,3840,NA
312,main,Chrome,Windows,1080,1920,NA
391,main,Chrome,Linux,981,1745,NA
414,main,Chrome,Windows,720,1280,NA
323,main,Chrome,Windows,864,1536,NA
106,main,Chrome,Windows,1080,1920,NA
342,main,Chrome,Windows,768,1366,NA
313,main,Chrome,Windows,864,1536,NA
303,main,Chrome,Windows,864,1536,NA
368,main,Firefox,Windows,864,1536,NA
61,main,Firefox,Windows,1080,1920,NA
84,main,Chrome,Windows,1067,1707,NA
101,main,Chrome,Windows,800,1280,NA
385,main,Chrome,Windows,1080,1920,NA
249,main,Chrome,Windows,864,1536,NA
311,main,Chrome,Linux,667,1187,NA
375,main,Chrome,Windows,864,1536,NA
324,main,Chrome,Windows,1080,1920,NA
418,main,Chrome,Mac,900,1440,NA
89,main,Chrome,Windows,912,1368,NA
317,main,Safari,Mac,1080,1920,NA
170,main,Chrome,Windows,768,1366,NA
203,main,Chrome,Windows,720,1281,NA
318,main,Chrome,Windows,768,1366,NA
217,main,Chrome,Windows,768,1366,NA
366,main,Chrome,Windows,1080,1920,NA
52,main,Chrome,Linux,785,1396,NA
177,main,Firefox,Windows,900,1600,NA
199,main,Chrome,Windows,768,1366,NA
201,main,Chrome,Mac,1440,2560,NA
136,main,Chrome,Windows,1080,1920,NA
349,main,Chrome,Windows,1080,1920,NA
148,main,Chrome,Mac,1050,1680,NA
70,main,Chrome,Windows,768,1366,NA
46,main,Chrome,Windows,1080,1920,NA
402,main,Chrome,Windows,768,1366,NA
256,main,Chrome,Mac,720,1280,NA
248,main,Firefox,Windows,600,1200,NA
130,main,Chrome,Windows,800,1280,NA
218,main,Chrome,Linux,785,1396,NA
388,main,Chrome,Windows,768,1366,NA
153,main,Chrome,Mac,956,1470,NA
147,main,Chrome,Windows,1080,1920,NA
211,main,Chrome,Windows,960,1536,NA
236,main,Chrome,Windows,1080,1920,NA
382,main,Safari,Mac,748,1367,NA
288,main,Chrome,Windows,1080,1920,NA
247,main,Chrome,Windows,768,1366,NA
301,main,Firefox,Windows,864,1536,NA
350,main,Chrome,Windows,768,1366,NA
85,main,Chrome,Windows,843,1264,NA
328,main,Chrome,Windows,864,1152,NA
285,main,Chrome,Windows,1080,1920,NA
163,main,Chrome,Mac,900,1440,NA
279,main,Safari,Mac,900,1440,NA
381,main,Chrome,Windows,1080,1920,NA
80,main,Chrome,Mac,1080,1920,NA
115,main,Chrome,Windows,864,1536,NA
74,main,Chrome,Windows,1080,1920,NA
378,main,Chrome,Windows,1080,1920,NA
275,main,Chrome,Windows,1080,1920,NA
135,main,Chrome,Mac,1080,1920,NA
67,main,Chrome,Windows,1080,1920,NA
283,main,Chrome,Windows,864,1536,NA
118,main,Chrome,Windows,1080,1920,NA
383,main,Chrome,Windows,800,1280,NA
330,main,Safari,Mac,1117,1728,NA
384,main,Chrome,Linux,667,1187,NA
299,main,Chrome,Windows,1080,1920,NA
119,main,Chrome,Linux,864,1536,NA
188,main,Chrome,Windows,1081,1920,NA
300,main,Chrome,Mac,800,1280,NA
327,main,Chrome,Windows,864,1536,NA
50,main,Chrome,Mac,1117,1728,NA
49,main,Chrome,Windows,1440,3440,NA
416,main,Safari,iPhone/iPod,844,390,NA
139,main,Chrome,Windows,768,1366,NA
90,main,Firefox,Windows,960,1536,NA
326,main,Chrome,Linux,667,1187,NA
302,main,Firefox,Windows,1080,1920,NA
185,main,Chrome,Mac,900,1440,NA
213,main,Firefox,Mac,1024,1637,NA
334,main,Chrome,Windows,720,1280,NA
428,main,Chrome,Windows,720,1280,NA
69,main,Chrome,Linux,768,1360,NA
226,main,Chrome,Windows,768,1360,NA
407,main,Chrome,Mac,666,1024,NA
51,main,Chrome,Windows,1080,1920,NA
45,main,Firefox,Windows,864,1536,NA
125,main,Chrome,Windows,768,1366,NA
380,main,Chrome,Mac,1080,1920,NA
238,main,Chrome,Mac,1107,1710,NA
78,main,Chrome,Windows,1080,1920,NA
169,main,Chrome,Windows,960,1707,NA
141,main,Chrome,Mac,956,1470,NA
215,main,Chrome,Windows,716,1272,NA
267,main,Chrome,Windows,900,1600,NA
127,main,Chrome,Linux,768,1366,NA
133,main,Chrome,Linux,667,1187,NA
394,main,Safari,Mac,900,1440,NA
306,main,Chrome,Windows,1080,1920,NA
401,main,Chrome,Mac,1107,1710,NA
294,main,Chrome,Windows,1067,1707,NA
63,main,Chrome,Mac,956,1470,NA
200,main,Chrome,Windows,1024,1536,NA
193,main,Chrome,Mac,900,1440,NA
137,main,Chrome,Mac,1280,2048,NA
161,main,Chrome,Windows,1080,1920,NA
171,main,Safari,iPhone/iPod,956,440,NA
251,main,Chrome,Windows,1152,2048,NA
94,main,Chrome,Windows,1080,1920,NA
372,main,Chrome,Linux,768,1366,NA
265,main,Chrome,Windows,1080,1920,NA
379,main,Chrome,Mac,900,1440,NA
206,main,Chrome,Mac,1152,2048,NA
181,main,Chrome,Windows,1440,3440,NA
351,main,Chrome,Windows,1440,3440,NA
59,main,Chrome,Linux,1234,2194,NA
91,main,Chrome,Windows,800,1280,NA
190,main,Chrome,Windows,1080,1920,NA
405,main,Firefox,Windows,1080,1920,NA
128,main,Chrome,Mac,1107,1710,NA
116,main,Chrome,Windows,1080,1920,NA
175,main,Chrome,Windows,720,1280,NA
166,main,Chrome,Mac,1080,1920,NA
87,main,Chrome,Windows,1080,1920,NA
120,main,Chrome,Windows,752,1336,NA
254,main,Chrome,Windows,960,1536,NA
98,main,Chrome,Windows,800,1280,NA
273,main,Chrome,Mac,900,1440,NA
361,main,Chrome,Windows,864,1536,NA
221,main,Chrome,Linux,800,1280,NA
410,main,Chrome,Windows,703,1249,NA
208,main,Chrome,Windows,1440,2560,NA
111,main,Chrome,Windows,864,1536,NA
205,main,Chrome,Windows,1080,1920,NA
239,main,Chrome,Windows,768,1366,NA
187,main,Chrome,Windows,1600,3840,NA
76,main,Chrome,Windows,1440,2560,NA
196,main,Chrome,Windows,1080,1920,NA
79,main,Chrome,Windows,720,1280,NA
234,main,Chrome,Windows,864,1536,NA
367,main,Chrome,Windows,1080,1920,NA
398,main,Firefox,Windows,768,1366,NA
194,main,Chrome,Windows,1080,1920,NA
357,main,Chrome,Linux,864,1536,NA
83,main,Chrome,Mac,900,1440,NA
229,main,Chrome,Linux,768,1366,NA
105,main,Firefox,Windows,1067,1707,NA
156,main,Chrome,Windows,1117,1728,NA
331,main,Firefox,Windows,864,1536,NA
393,main,Chrome,Windows,864,1536,NA
93,main,Chrome,Windows,1080,1920,NA
271,main,Firefox,Windows,1080,1920,NA
296,main,Chrome,Mac,1152,2048,NA
362,main,Chrome,Windows,864,1536,NA
340,main,Chrome,Mac,1050,1680,NA
365,main,Chrome,Windows,960,1536,NA
308,main,Firefox,Windows,900,1440,NA
345,main,Chrome,Windows,1080,1920,NA
195,main,Chrome,Windows,768,1366,NA
155,main,Chrome,Windows,900,1600,NA
262,main,Chrome,Windows,864,1536,NA
389,main,Chrome,Windows,1080,1920,NA
209,main,Chrome,Mac,900,1440,NA
235,main,Chrome,Mac,982,1512,NA
415,main,Firefox,Windows,1067,1707,NA
374,main,Chrome,Mac,800,1280,NA
99,main,Chrome,Windows,768,1366,NA
252,main,Firefox,Mac,956,1470,NA
167,main,Chrome,Windows,1080,1920,NA
344,main,Safari,Mac,1329,2056,NA
305,main,Chrome,Windows,1441,2560,NA
358,main,Chrome,Mac,1117,1728,NA
269,main,Chrome,Windows,1440,2560,NA
154,main,Chrome,Windows,864,1536,NA
319,main,Chrome,Linux,1080,1920,NA
237,main,Chrome,Windows,960,1536,NA
329,main,Chrome,Windows,1080,1920,NA
222,main,Chrome,Mac,768,1366,NA
225,main,Chrome,Mac,900,1440,NA
280,main,Chrome,Windows,720,1280,NA
174,main,Chrome,Windows,1080,1920,NA
263,main,Chrome,Mac,1024,1637,NA
293,main,Chrome,Windows,1080,1920,NA
71,main,Chrome,Windows,1080,1920,NA
214,main,Chrome,Windows,768,1024,NA
395,main,Chrome,Mac,900,1440,NA
68,main,Chrome,Windows,1080,1920,NA
411,main,Chrome,Linux,864,1536,NA
369,main,Chrome,Linux,960,1536,NA
192,main,Chrome,Windows,1002,2394,NA
274,main,Chrome,Windows,1080,1920,NA
409,main,Chrome,Windows,864,1536,NA
427,main,Chrome,Windows,1080,1920,NA
250,main,Chrome,Mac,768,1366,NA
184,main,Chrome,Windows,720,1280,NA
429,main,Chrome,Windows,1080,1920,NA
202,main,Chrome,Windows,1152,2048,NA
88,main,Chrome,Windows,720,1280,NA
243,main,Chrome,Windows,768,1366,NA
392,main,Firefox,Windows,1080,1920,NA
82,main,Chrome,Windows,900,1440,NA
424,main,Chrome,Windows,864,1536,NA
180,main,Chrome,Windows,1080,1920,NA
172,main,Chrome,Mac,881,1408,NA
406,main,Chrome,Windows,1080,1920,NA
310,main,Chrome,Windows,960,1707,NA
191,main,Chrome,Windows,1440,2560,NA
421,main,Chrome,Windows,720,1280,NA
165,main,Firefox,Mac,1440,2560,NA
287,main,Chrome,Windows,1440,2560,NA
259,main,Chrome,Windows,864,1536,NA
197,main,Chrome,Windows,1080,1920,NA
347,main,Chrome,Windows,1080,1920,NA
117,main,Chrome,Windows,990,1760,NA
325,main,Chrome,Windows,1080,1920,NA
289,main,Chrome,Windows,1080,1920,NA
134,main,Chrome,Windows,768,1366,NA
412,main,Chrome,Windows,864,1536,NA
44,main,Chrome,Windows,864,1536,NA
103,main,Firefox,Windows,960,1536,NA
227,main,Chrome,Windows,1200,1920,NA
257,main,Chrome,Windows,1080,1920,NA
145,main,Firefox,Windows,720,1280,NA
224,main,Chrome,Windows,864,1536,NA
64,main,Chrome,Windows,1080,1920,NA
178,main,Chrome,Windows,864,1536,NA
55,main,Chrome,Windows,864,1536,NA
344,main,Chrome,Mac,881,1408,NA
339,main,Chrome,Windows,768,1366,NA
92,main,Chrome,Windows,768,1366,NA
376,main,Chrome,Windows,864,1536,NA
333,main,Chrome,Windows,864,1536,NA
431,main,Chrome,Windows,960,1440,NA
151,main,Chrome,Windows,720,1280,NA
173,main,Chrome,Windows,720,1280,NA
377,main,Chrome,Windows,1080,1920,NA
113,main,Chrome,Windows,768,1366,NA
335,main,Chrome,Windows,1080,1920,NA
359,main,Chrome,Mac,900,1440,NA
95,main,Chrome,Windows,1080,1920,NA
102,main,Chrome,Windows,1080,1920,NA
142,main,Chrome,Windows,768,1366,NA
360,main,Chrome,Windows,1080,1920,NA
245,main,Chrome,Windows,768,1366,NA
363,main,Chrome,Windows,800,1280,NA
186,main,Chrome,Windows,1080,1728,NA
336,main,Chrome,Windows,900,1600,NA
286,main,Chrome,Windows,1080,1920,NA
58,main,Chrome,Windows,1080,1920,NA
264,main,Chrome,Windows,768,1366,NA
97,main,Chrome,Mac,900,1440,NA
404,main,Chrome,Windows,1440,2560,NA
53,main,Chrome,Windows,864,1536,NA
143,main,Chrome,Windows,720,1280,NA
370,main,Chrome,Windows,900,1600,NA
399,main,Firefox,Windows,864,1536,NA
282,main,Chrome,Windows,1080,1920,NA
396,main,Chrome,Mac,1440,2560,NA
75,main,Chrome,Windows,720,1280,NA
322,main,Chrome,Windows,960,1536,NA
426,main,Chrome,Windows,1080,1920,NA
356,main,Firefox,Mac,1107,1710,NA
57,main,Chrome,Windows,768,1366,NA
373,main,Chrome,Windows,1080,1920,NA
183,main,Chrome,Windows,1080,1920,NA
244,main,Chrome,Linux,768,1366,NA
413,main,Chrome,Mac,1112,1710,NA
309,main,Chrome,Windows,1110,1664,NA
108,main,Chrome,Mac,1107,1710,NA
432,main,Chrome,Windows,1080,1920,NA
66,main,Chrome,Windows,1080,1920,NA
107,main,Chrome,Linux,1080,1920,NA
216,main,Chrome,Mac,900,1440,NA
150,main,Chrome,Windows,864,1536,NA
316,main,Chrome,Windows,864,1536,NA
387,main,Safari,Mac,1440,2560,NA
86,main,Chrome,Windows,864,1536,NA
284,main,Chrome,Windows,960,1707,NA
121,main,Chrome,Windows,768,1366,NA
114,main,Safari,Mac,1194,834,NA
268,main,Chrome,Windows,960,1536,NA
212,main,Chrome,Windows,960,1536,NA
164,main,Chrome,Windows,960,1707,NA
100,main,Chrome,Windows,864,1536,NA
241,main,Chrome,Mac,800,1280,NA
48,main,Chrome,Windows,768,1366,NA
233,main,Chrome,Windows,900,1440,NA
