workerid,proliferate.condition,time_in_minutes,error
72,main,4.525166666666666,NA
332,main,8.814016666666667,NA
353,main,4.112616666666667,NA
423,main,2.6428,NA
146,main,3.05585,NA
258,main,5.140416666666667,NA
179,main,7.499133333333333,NA
56,main,4.938883333333333,NA
278,main,7.826783333333333,NA
162,main,9.034433333333334,NA
240,main,4.7964,NA
341,main,3.781083333333333,NA
246,main,5.06765,NA
355,main,12.593533333333331,NA
270,main,11.824116666666669,NA
176,main,4.380133333333333,NA
314,main,6.655833333333334,NA
73,main,12.79535,NA
204,main,14.571266666666666,NA
266,main,3.33915,NA
343,main,9.619883333333334,NA
219,main,4.396116666666667,NA
260,main,8.031716666666666,NA
160,main,8.07795,NA
290,main,2.5805333333333333,NA
62,main,4.755066666666667,NA
230,main,4.19535,NA
159,main,4.647,NA
149,main,10.594383333333331,NA
138,main,2.337833333333333,NA
298,main,3.1112166666666665,NA
422,main,3.2093166666666666,NA
77,main,5.075233333333333,NA
292,main,2.7982833333333335,NA
182,main,6.25165,NA
281,main,7.345216666666667,NA
297,main,3.8991666666666664,NA
112,main,11.36375,NA
81,main,4.13655,NA
223,main,4.465816666666667,NA
295,main,3.641566666666667,NA
348,main,2.9647833333333335,NA
338,main,4.7537,NA
346,main,8.167883333333334,NA
352,main,2.7641833333333334,NA
132,main,4.428183333333333,NA
312,main,6.594366666666667,NA
391,main,3.8202,NA
414,main,11.256633333333331,NA
323,main,5.1405666666666665,NA
106,main,5.4452,NA
342,main,10.241466666666666,NA
313,main,2.6603833333333333,NA
303,main,6.622066666666667,NA
368,main,4.806033333333334,NA
61,main,3.6178,NA
84,main,7.452783333333333,NA
101,main,5.750916666666667,NA
385,main,5.3826,NA
249,main,4.4474,NA
311,main,9.672166666666667,NA
375,main,1.4360833333333334,NA
324,main,5.991333333333333,NA
418,main,4.75675,NA
89,main,5.728383333333333,NA
317,main,5.627816666666667,NA
170,main,3.715683333333333,NA
203,main,4.509116666666666,NA
318,main,8.287766666666666,NA
217,main,4.5102,NA
366,main,5.24715,NA
52,main,5.06915,NA
177,main,3.952,NA
199,main,7.16945,NA
201,main,4.102166666666666,NA
136,main,5.748,NA
349,main,2.2557833333333335,NA
148,main,3.5404833333333334,NA
70,main,4.125983333333333,NA
46,main,5.71365,NA
402,main,2.46035,NA
256,main,10.992866666666666,NA
248,main,6.9740166666666665,NA
130,main,4.415166666666667,NA
218,main,4.592133333333333,NA
388,main,5.2737,NA
153,main,3.9932333333333334,NA
147,main,9.807183333333333,NA
211,main,6.45225,NA
236,main,5.645283333333333,NA
382,main,3.1529833333333332,NA
288,main,3.702766666666667,NA
247,main,3.44415,NA
301,main,5.414366666666667,NA
350,main,8.798933333333334,NA
85,main,5.364933333333333,NA
328,main,4.456583333333334,NA
285,main,5.354283333333333,NA
163,main,15.28395,NA
279,main,5.1814,NA
381,main,5.314016666666666,NA
80,main,6.355816666666667,NA
115,main,4.633916666666667,NA
74,main,5.373166666666667,NA
378,main,7.594366666666667,NA
275,main,4.879983333333334,NA
135,main,6.95875,NA
67,main,4.832416666666667,NA
283,main,7.7334,NA
118,main,4.568516666666667,NA
383,main,3.5145833333333334,NA
330,main,8.33025,NA
384,main,4.490683333333333,NA
299,main,4.446233333333334,NA
119,main,5.303966666666667,NA
188,main,4.495933333333333,NA
300,main,4.693066666666667,NA
327,main,4.4961166666666665,NA
50,main,7.818266666666666,NA
49,main,2.7883333333333336,NA
416,main,3.50105,NA
139,main,5.488683333333333,NA
90,main,3.8829666666666665,NA
326,main,7.378633333333333,NA
302,main,2.70765,NA
185,main,4.836116666666666,NA
213,main,3.8444666666666665,NA
334,main,5.27945,NA
428,main,2.0608166666666667,NA
69,main,4.266,NA
226,main,11.910183333333332,NA
407,main,4.05525,NA
51,main,7.1301,NA
45,main,10.8352,NA
125,main,7.08575,NA
380,main,4.1469,NA
238,main,7.4052,NA
78,main,11.4243,NA
169,main,9.64655,NA
141,main,4.652866666666666,NA
215,main,8.795,NA
267,main,6.031266666666666,NA
127,main,7.927133333333333,NA
133,main,4.605033333333333,NA
394,main,4.170933333333333,NA
306,main,5.422316666666666,NA
401,main,3.7529333333333335,NA
294,main,11.633966666666666,NA
63,main,9.821466666666666,NA
200,main,6.49675,NA
193,main,4.7728,NA
137,main,5.260866666666667,NA
161,main,7.07355,NA
171,main,2.35525,NA
251,main,4.526033333333333,NA
94,main,5.465033333333333,NA
372,main,6.420016666666666,NA
265,main,6.890333333333333,NA
379,main,4.918733333333333,NA
206,main,13.8693,NA
181,main,4.989366666666666,NA
351,main,10.278466666666668,NA
59,main,10.669333333333332,NA
91,main,4.808316666666666,NA
190,main,2.3123,NA
405,main,5.732916666666667,NA
128,main,4.54935,NA
116,main,9.703633333333334,NA
175,main,5.47685,NA
166,main,4.075816666666666,NA
87,main,7.347533333333334,NA
120,main,4.160533333333333,NA
254,main,5.8544833333333335,NA
98,main,5.511416666666666,NA
273,main,2.76465,NA
361,main,5.392233333333333,NA
221,main,14.347866666666668,NA
410,main,5.669366666666667,NA
208,main,11.290766666666666,NA
111,main,4.058783333333333,NA
205,main,6.387883333333333,NA
239,main,7.611933333333333,NA
187,main,8.837133333333334,NA
76,main,6.818416666666667,NA
196,main,4.974716666666667,NA
79,main,7.272166666666666,NA
234,main,4.691033333333333,NA
367,main,4.16195,NA
398,main,14.471983333333334,NA
194,main,5.361266666666666,NA
357,main,4.1311333333333335,NA
83,main,6.211783333333333,NA
229,main,5.2755,NA
105,main,6.72545,NA
156,main,2.5084333333333335,NA
331,main,2.779516666666667,NA
393,main,4.923333333333333,NA
93,main,4.046783333333333,NA
271,main,9.333933333333333,NA
296,main,2.7275833333333335,NA
362,main,12.21155,NA
340,main,4.07925,NA
365,main,4.609283333333333,NA
308,main,7.657516666666667,NA
345,main,2.7147166666666664,NA
195,main,7.432616666666667,NA
155,main,2.88845,NA
262,main,7.374983333333334,NA
389,main,6.689,NA
209,main,5.705616666666667,NA
235,main,3.74225,NA
415,main,3.2880166666666666,NA
374,main,5.577833333333333,NA
99,main,7.777266666666667,NA
252,main,6.69395,NA
167,main,3.6465,NA
344,main,7.717533333333333,NA
305,main,7.321266666666666,NA
358,main,4.19955,NA
269,main,4.576083333333333,NA
154,main,4.64425,NA
319,main,11.939783333333333,NA
237,main,6.968583333333333,NA
329,main,5.441133333333333,NA
222,main,4.667,NA
225,main,4.5566,NA
280,main,8.479816666666666,NA
174,main,3.9565,NA
263,main,5.5922833333333335,NA
293,main,3.868916666666667,NA
71,main,6.97785,NA
214,main,4.3197,NA
395,main,5.090216666666667,NA
68,main,6.193433333333333,NA
411,main,13.02665,NA
369,main,6.628383333333334,NA
192,main,3.77585,NA
274,main,4.79135,NA
409,main,9.8038,NA
427,main,2.9289666666666667,NA
250,main,4.871216666666666,NA
184,main,8.870016666666666,NA
429,main,3.92515,NA
202,main,5.787133333333333,NA
88,main,3.8426,NA
243,main,10.178366666666667,NA
392,main,4.344783333333333,NA
82,main,8.798883333333333,NA
424,main,3.2455,NA
180,main,6.924833333333333,NA
172,main,2.44705,NA
406,main,7.862816666666666,NA
310,main,7.44885,NA
191,main,5.550916666666667,NA
421,main,7.133933333333333,NA
165,main,9.545933333333334,NA
287,main,3.59965,NA
259,main,5.95695,NA
197,main,3.0382833333333332,NA
347,main,4.0418666666666665,NA
117,main,6.60745,NA
325,main,5.0051,NA
289,main,5.4084666666666665,NA
134,main,2.49795,NA
412,main,7.8367000000000004,NA
44,main,11.584466666666666,NA
103,main,3.72595,NA
227,main,6.060566666666666,NA
257,main,6.7795,NA
145,main,6.403,NA
224,main,3.7767666666666666,NA
64,main,8.0139,NA
178,main,9.632966666666666,NA
55,main,4.0708,NA
344,main,4.479683333333333,NA
339,main,4.580933333333333,NA
92,main,7.50025,NA
376,main,6.165033333333334,NA
333,main,3.137166666666667,NA
431,main,7.1051,NA
151,main,6.5991333333333335,NA
173,main,7.716466666666666,NA
377,main,8.912683333333334,NA
113,main,4.035833333333334,NA
335,main,5.8102833333333335,NA
359,main,6.690766666666667,NA
95,main,6.67885,NA
102,main,4.6347,NA
142,main,4.68405,NA
360,main,7.6654,NA
245,main,3.7673833333333335,NA
363,main,2.6690833333333335,NA
186,main,6.456566666666666,NA
336,main,5.730366666666667,NA
286,main,3.4305333333333334,NA
58,main,6.67835,NA
264,main,7.399483333333333,NA
97,main,2.74775,NA
404,main,6.483533333333333,NA
53,main,3.687683333333333,NA
143,main,5.6117333333333335,NA
370,main,5.499583333333334,NA
399,main,3.6683500000000002,NA
282,main,1.5547833333333334,NA
396,main,3.932516666666667,NA
75,main,6.220133333333333,NA
322,main,6.692266666666667,NA
426,main,5.243916666666666,NA
356,main,4.20785,NA
57,main,11.426933333333332,NA
373,main,3.23635,NA
183,main,3.6862666666666666,NA
244,main,6.109933333333333,NA
413,main,5.250533333333333,NA
309,main,2.5897666666666668,NA
108,main,4.1885,NA
432,main,6.539583333333334,NA
66,main,6.146766666666666,NA
107,main,7.89995,NA
216,main,8.221283333333334,NA
150,main,9.604883333333332,NA
316,main,10.356516666666666,NA
387,main,3.95035,NA
86,main,6.153816666666667,NA
284,main,7.146583333333333,NA
121,main,4.628183333333333,NA
114,main,3.80075,NA
268,main,3.9977833333333335,NA
212,main,11.256283333333334,NA
164,main,9.349933333333333,NA
100,main,5.18185,NA
241,main,3.570233333333334,NA
48,main,5.862316666666667,NA
233,main,7.0391,NA
